[{"model": "contenttypes.contenttype", "pk": 1, "fields": {"app_label": "admin", "model": "logentry"}}, {"model": "contenttypes.contenttype", "pk": 2, "fields": {"app_label": "auth", "model": "permission"}}, {"model": "contenttypes.contenttype", "pk": 3, "fields": {"app_label": "auth", "model": "group"}}, {"model": "contenttypes.contenttype", "pk": 4, "fields": {"app_label": "contenttypes", "model": "contenttype"}}, {"model": "contenttypes.contenttype", "pk": 5, "fields": {"app_label": "sessions", "model": "session"}}, {"model": "contenttypes.contenttype", "pk": 6, "fields": {"app_label": "chat", "model": "customuser"}}, {"model": "contenttypes.contenttype", "pk": 7, "fields": {"app_label": "chat", "model": "thread"}}, {"model": "contenttypes.contenttype", "pk": 8, "fields": {"app_label": "chat", "model": "notification"}}, {"model": "contenttypes.contenttype", "pk": 9, "fields": {"app_label": "chat", "model": "message"}}, {"model": "sessions.session", "pk": "sjc259vl8jp0h9t5c8u5jspd54iyd1c8", "fields": {"session_data": "ZTQ0NWM1YjlhYjBhODk2YjlmYzEwZWJiMjJjMTc3ZjQ1OGQ2NDgyYzp7Il9hdXRoX3VzZXJfaWQiOiIzIiwiX2F1dGhfdXNlcl9iYWNrZW5kIjoiZGphbmdvLmNvbnRyaWIuYXV0aC5iYWNrZW5kcy5Nb2RlbEJhY2tlbmQiLCJfYXV0aF91c2VyX2hhc2giOiJhMTQ1NWRiNjIwY2VhOWJjMzZmMDlkNzI5N2ZkNWVkZDI3NTExNDEzIn0=", "expire_date": "2020-03-11T08:50:57.320Z"}}, {"model": "sessions.session", "pk": "z5bnbgfjvofrbzi5un2wv56huhapn0nw", "fields": {"session_data": "ZDgzOGE5MDM3YjY5ZjNhOGQzYWQ4OWNlN2EzNDYxMDNiY2FjNmM3MDp7Il9hdXRoX3VzZXJfaWQiOiI3IiwiX2F1dGhfdXNlcl9iYWNrZW5kIjoiZGphbmdvLmNvbnRyaWIuYXV0aC5iYWNrZW5kcy5Nb2RlbEJhY2tlbmQiLCJfYXV0aF91c2VyX2hhc2giOiI4NTNiMzY1NWEzNTQ2ZjQxYzcwZDVjMWUxMDhmNGQ5MTQ2ZmRkYmNiIn0=", "expire_date": "2020-03-11T08:52:13.137Z"}}, {"model": "auth.permission", "pk": 1, "fields": {"name": "Can add log entry", "content_type": 1, "codename": "add_logentry"}}, {"model": "auth.permission", "pk": 2, "fields": {"name": "Can change log entry", "content_type": 1, "codename": "change_logentry"}}, {"model": "auth.permission", "pk": 3, "fields": {"name": "Can delete log entry", "content_type": 1, "codename": "delete_logentry"}}, {"model": "auth.permission", "pk": 4, "fields": {"name": "Can view log entry", "content_type": 1, "codename": "view_logentry"}}, {"model": "auth.permission", "pk": 5, "fields": {"name": "Can add permission", "content_type": 2, "codename": "add_permission"}}, {"model": "auth.permission", "pk": 6, "fields": {"name": "Can change permission", "content_type": 2, "codename": "change_permission"}}, {"model": "auth.permission", "pk": 7, "fields": {"name": "Can delete permission", "content_type": 2, "codename": "delete_permission"}}, {"model": "auth.permission", "pk": 8, "fields": {"name": "Can view permission", "content_type": 2, "codename": "view_permission"}}, {"model": "auth.permission", "pk": 9, "fields": {"name": "Can add group", "content_type": 3, "codename": "add_group"}}, {"model": "auth.permission", "pk": 10, "fields": {"name": "Can change group", "content_type": 3, "codename": "change_group"}}, {"model": "auth.permission", "pk": 11, "fields": {"name": "Can delete group", "content_type": 3, "codename": "delete_group"}}, {"model": "auth.permission", "pk": 12, "fields": {"name": "Can view group", "content_type": 3, "codename": "view_group"}}, {"model": "auth.permission", "pk": 13, "fields": {"name": "Can add content type", "content_type": 4, "codename": "add_contenttype"}}, {"model": "auth.permission", "pk": 14, "fields": {"name": "Can change content type", "content_type": 4, "codename": "change_contenttype"}}, {"model": "auth.permission", "pk": 15, "fields": {"name": "Can delete content type", "content_type": 4, "codename": "delete_contenttype"}}, {"model": "auth.permission", "pk": 16, "fields": {"name": "Can view content type", "content_type": 4, "codename": "view_contenttype"}}, {"model": "auth.permission", "pk": 17, "fields": {"name": "Can add session", "content_type": 5, "codename": "add_session"}}, {"model": "auth.permission", "pk": 18, "fields": {"name": "Can change session", "content_type": 5, "codename": "change_session"}}, {"model": "auth.permission", "pk": 19, "fields": {"name": "Can delete session", "content_type": 5, "codename": "delete_session"}}, {"model": "auth.permission", "pk": 20, "fields": {"name": "Can view session", "content_type": 5, "codename": "view_session"}}, {"model": "auth.permission", "pk": 21, "fields": {"name": "Can add user", "content_type": 6, "codename": "add_customuser"}}, {"model": "auth.permission", "pk": 22, "fields": {"name": "Can change user", "content_type": 6, "codename": "change_customuser"}}, {"model": "auth.permission", "pk": 23, "fields": {"name": "Can delete user", "content_type": 6, "codename": "delete_customuser"}}, {"model": "auth.permission", "pk": 24, "fields": {"name": "Can view user", "content_type": 6, "codename": "view_customuser"}}, {"model": "auth.permission", "pk": 25, "fields": {"name": "Can add thread", "content_type": 7, "codename": "add_thread"}}, {"model": "auth.permission", "pk": 26, "fields": {"name": "Can change thread", "content_type": 7, "codename": "change_thread"}}, {"model": "auth.permission", "pk": 27, "fields": {"name": "Can delete thread", "content_type": 7, "codename": "delete_thread"}}, {"model": "auth.permission", "pk": 28, "fields": {"name": "Can view thread", "content_type": 7, "codename": "view_thread"}}, {"model": "auth.permission", "pk": 29, "fields": {"name": "Can add notification", "content_type": 8, "codename": "add_notification"}}, {"model": "auth.permission", "pk": 30, "fields": {"name": "Can change notification", "content_type": 8, "codename": "change_notification"}}, {"model": "auth.permission", "pk": 31, "fields": {"name": "Can delete notification", "content_type": 8, "codename": "delete_notification"}}, {"model": "auth.permission", "pk": 32, "fields": {"name": "Can view notification", "content_type": 8, "codename": "view_notification"}}, {"model": "auth.permission", "pk": 33, "fields": {"name": "Can add message", "content_type": 9, "codename": "add_message"}}, {"model": "auth.permission", "pk": 34, "fields": {"name": "Can change message", "content_type": 9, "codename": "change_message"}}, {"model": "auth.permission", "pk": 35, "fields": {"name": "Can delete message", "content_type": 9, "codename": "delete_message"}}, {"model": "auth.permission", "pk": 36, "fields": {"name": "Can view message", "content_type": 9, "codename": "view_message"}}, {"model": "chat.customuser", "pk": 3, "fields": {"password": "pbkdf2_sha256$180000$x9yoYHVwj1Xl$61ITjuLkBtjpUMLa4PVsm1uoOipeKLFxTJyi7snSXhs=", "last_login": "2020-02-26T08:50:57.315Z", "is_superuser": true, "username": "gd193", "first_name": "", "last_name": "", "email": "", "is_staff": true, "is_active": true, "date_joined": "2020-02-26T08:14:43.457Z", "count": 0, "groups": [], "user_permissions": []}}, {"model": "chat.customuser", "pk": 7, "fields": {"password": "pbkdf2_sha256$180000$nIfztDYWBOtg$wKPlL7M20S7O3r3aTJjHblwdqklbxxKTe+5paMqADI0=", "last_login": "2020-02-26T08:52:13.132Z", "is_superuser": false, "username": "eric", "first_name": "", "last_name": "", "email": "", "is_staff": false, "is_active": true, "date_joined": "2020-02-26T08:50:41.178Z", "count": 0, "groups": [], "user_permissions": []}}, {"model": "chat.customuser", "pk": 8, "fields": {"password": "pbkdf2_sha256$180000$yXkqpwt13YX8$UUqpzZZcQK+GahOTiCYFKons9vfsZd5Zf0ZCv3FeECI=", "last_login": null, "is_superuser": false, "username": "test1", "first_name": "", "last_name": "", "email": "", "is_staff": false, "is_active": true, "date_joined": "2020-02-26T08:51:26.478Z", "count": 0, "groups": [], "user_permissions": []}}, {"model": "chat.thread", "pk": 1, "fields": {"name": "Lobby", "members": []}}, {"model": "chat.thread", "pk": 11, "fields": {"name": "Thread_private_eric_gd193", "members": [3, 7]}}, {"model": "chat.thread", "pk": 12, "fields": {"name": "Thread_private_test1_gd193", "members": [3, 8]}}, {"model": "chat.thread", "pk": 13, "fields": {"name": "Thread_private_test1_eric", "members": [7, 8]}}, {"model": "chat.message", "pk": 3, "fields": {"author": 7, "content": "hi", "timestamp": "2020-02-26T08:52:37.159Z", "thread": 11}}, {"model": "chat.message", "pk": 4, "fields": {"author": 7, "content": "kdkd", "timestamp": "2020-02-26T09:05:32.038Z", "thread": 11}}, {"model": "chat.message", "pk": 5, "fields": {"author": 7, "content": "dkkkdkd", "timestamp": "2020-02-26T09:05:34.136Z", "thread": 11}}, {"model": "chat.message", "pk": 6, "fields": {"author": 7, "content": "dkkkd", "timestamp": "2020-02-26T09:05:36.310Z", "thread": 11}}, {"model": "chat.message", "pk": 7, "fields": {"author": 3, "content": "dfsfddf", "timestamp": "2020-02-26T10:38:51.841Z", "thread": 1}}, {"model": "chat.message", "pk": 8, "fields": {"author": 3, "content": "dsdasdas", "timestamp": "2020-02-26T10:41:57.760Z", "thread": 1}}, {"model": "chat.message", "pk": 9, "fields": {"author": 3, "content": "dsdassda", "timestamp": "2020-02-26T10:42:02.113Z", "thread": 11}}, {"model": "chat.message", "pk": 10, "fields": {"author": 3, "content": "dads", "timestamp": "2020-02-26T10:44:42.785Z", "thread": 11}}, {"model": "chat.message", "pk": 11, "fields": {"author": 7, "content": "dssdsda", "timestamp": "2020-02-26T10:45:50.489Z", "thread": 11}}, {"model": "chat.message", "pk": 12, "fields": {"author": 3, "content": "efefe", "timestamp": "2020-02-26T10:57:03.241Z", "thread": 11}}, {"model": "chat.message", "pk": 13, "fields": {"author": 7, "content": "dadassd", "timestamp": "2020-02-26T11:00:46.652Z", "thread": 11}}, {"model": "chat.message", "pk": 14, "fields": {"author": 3, "content": "dwwdawd", "timestamp": "2020-02-26T12:00:30.656Z", "thread": 11}}, {"model": "chat.message", "pk": 15, "fields": {"author": 7, "content": "432432", "timestamp": "2020-02-26T12:18:28.391Z", "thread": 11}}, {"model": "chat.message", "pk": 16, "fields": {"author": 7, "content": "432423", "timestamp": "2020-02-26T12:18:43.014Z", "thread": 11}}, {"model": "chat.message", "pk": 17, "fields": {"author": 7, "content": "ssdffd", "timestamp": "2020-02-26T12:19:00.382Z", "thread": 11}}, {"model": "chat.message", "pk": 18, "fields": {"author": 7, "content": "sdffsdf", "timestamp": "2020-02-26T12:19:13.918Z", "thread": 11}}, {"model": "chat.message", "pk": 19, "fields": {"author": 7, "content": "fdsdffds", "timestamp": "2020-02-26T12:19:43.551Z", "thread": 11}}, {"model": "chat.message", "pk": 20, "fields": {"author": 7, "content": "ddsfdfsdfs", "timestamp": "2020-02-26T12:19:55.368Z", "thread": 11}}, {"model": "chat.message", "pk": 21, "fields": {"author": 7, "content": "fsdsdffd", "timestamp": "2020-02-26T12:19:57.869Z", "thread": 11}}, {"model": "chat.message", "pk": 22, "fields": {"author": 3, "content": "fddff", "timestamp": "2020-02-26T14:02:43.574Z", "thread": 1}}, {"model": "chat.message", "pk": 23, "fields": {"author": 7, "content": "saasas", "timestamp": "2020-02-26T14:02:53.030Z", "thread": 11}}, {"model": "chat.message", "pk": 24, "fields": {"author": 7, "content": "reererw", "timestamp": "2020-02-26T14:10:58.655Z", "thread": 11}}, {"model": "chat.message", "pk": 25, "fields": {"author": 7, "content": "sddda", "timestamp": "2020-02-26T14:13:32.094Z", "thread": 11}}, {"model": "chat.message", "pk": 26, "fields": {"author": 7, "content": "dssdadas", "timestamp": "2020-02-26T14:14:56.701Z", "thread": 11}}, {"model": "chat.message", "pk": 27, "fields": {"author": 7, "content": "asdsdd", "timestamp": "2020-02-26T14:16:29.311Z", "thread": 11}}, {"model": "chat.message", "pk": 28, "fields": {"author": 7, "content": "dsasdasda", "timestamp": "2020-02-26T14:24:54.327Z", "thread": 11}}, {"model": "chat.message", "pk": 29, "fields": {"author": 3, "content": "sddsa", "timestamp": "2020-02-26T14:40:21.265Z", "thread": 1}}, {"model": "chat.message", "pk": 30, "fields": {"author": 7, "content": "dsadss", "timestamp": "2020-02-26T14:42:43.544Z", "thread": 11}}, {"model": "chat.message", "pk": 31, "fields": {"author": 7, "content": "dsdsad", "timestamp": "2020-02-26T14:42:46.205Z", "thread": 11}}, {"model": "chat.message", "pk": 32, "fields": {"author": 3, "content": "saddsa", "timestamp": "2020-02-26T14:42:52.344Z", "thread": 11}}, {"model": "chat.message", "pk": 33, "fields": {"author": 3, "content": "dfdfsdf", "timestamp": "2020-02-26T15:11:38.923Z", "thread": 11}}, {"model": "chat.message", "pk": 34, "fields": {"author": 3, "content": "dssdasda", "timestamp": "2020-02-26T15:12:13.634Z", "thread": 11}}, {"model": "chat.message", "pk": 35, "fields": {"author": 3, "content": "cscass", "timestamp": "2020-02-26T15:12:41.618Z", "thread": 11}}, {"model": "chat.message", "pk": 36, "fields": {"author": 3, "content": "wddawa", "timestamp": "2020-02-26T15:13:48.748Z", "thread": 11}}, {"model": "chat.message", "pk": 37, "fields": {"author": 7, "content": "wdadaw", "timestamp": "2020-02-26T15:13:58.650Z", "thread": 11}}, {"model": "chat.message", "pk": 38, "fields": {"author": 3, "content": "rereer", "timestamp": "2020-02-26T15:21:11.083Z", "thread": 11}}, {"model": "chat.message", "pk": 39, "fields": {"author": 7, "content": "ewqeqwqwe", "timestamp": "2020-02-26T15:23:29.795Z", "thread": 11}}, {"model": "chat.message", "pk": 40, "fields": {"author": 3, "content": "eqwweweq", "timestamp": "2020-02-26T15:23:34.355Z", "thread": 11}}, {"model": "chat.message", "pk": 41, "fields": {"author": 7, "content": "weqweq", "timestamp": "2020-02-26T15:23:55.939Z", "thread": 11}}, {"model": "chat.message", "pk": 42, "fields": {"author": 7, "content": "qwewewe", "timestamp": "2020-02-26T15:23:58.075Z", "thread": 11}}, {"model": "chat.message", "pk": 43, "fields": {"author": 7, "content": "eweq", "timestamp": "2020-02-26T15:24:00.380Z", "thread": 11}}, {"model": "chat.message", "pk": 44, "fields": {"author": 7, "content": "eqqwewe", "timestamp": "2020-02-26T15:24:02.099Z", "thread": 11}}, {"model": "chat.message", "pk": 45, "fields": {"author": 7, "content": "eqwweqqwe", "timestamp": "2020-02-26T15:24:03.996Z", "thread": 11}}, {"model": "chat.message", "pk": 46, "fields": {"author": 7, "content": "awddwa", "timestamp": "2020-02-26T15:26:06.133Z", "thread": 11}}, {"model": "chat.message", "pk": 47, "fields": {"author": 7, "content": "dawdaw", "timestamp": "2020-02-26T15:28:20.861Z", "thread": 11}}, {"model": "chat.message", "pk": 48, "fields": {"author": 7, "content": "dwadwa", "timestamp": "2020-02-26T15:28:22.563Z", "thread": 11}}, {"model": "chat.message", "pk": 49, "fields": {"author": 7, "content": "dawdwdawad", "timestamp": "2020-02-26T15:29:32.436Z", "thread": 11}}, {"model": "chat.message", "pk": 50, "fields": {"author": 7, "content": "dwadaw", "timestamp": "2020-02-26T15:29:34.843Z", "thread": 11}}, {"model": "chat.message", "pk": 51, "fields": {"author": 7, "content": "wdawdadwa", "timestamp": "2020-02-26T15:32:58.350Z", "thread": 11}}, {"model": "chat.message", "pk": 52, "fields": {"author": 7, "content": "dfdfsfd", "timestamp": "2020-02-26T15:33:14.308Z", "thread": 11}}, {"model": "chat.message", "pk": 53, "fields": {"author": 7, "content": "fdsdfs", "timestamp": "2020-02-26T15:33:21.893Z", "thread": 11}}, {"model": "chat.message", "pk": 54, "fields": {"author": 7, "content": "sffsd", "timestamp": "2020-02-26T15:33:24.035Z", "thread": 11}}, {"model": "chat.message", "pk": 55, "fields": {"author": 7, "content": "dfsfds", "timestamp": "2020-02-26T15:33:26.156Z", "thread": 11}}, {"model": "chat.message", "pk": 56, "fields": {"author": 7, "content": "ddadas", "timestamp": "2020-03-04T09:14:12.734Z", "thread": 11}}, {"model": "chat.message", "pk": 57, "fields": {"author": 7, "content": "dssdas", "timestamp": "2020-03-04T09:22:33.604Z", "thread": 11}}, {"model": "chat.message", "pk": 58, "fields": {"author": 7, "content": "weweqwqe", "timestamp": "2020-03-04T09:23:55.803Z", "thread": 11}}, {"model": "chat.message", "pk": 59, "fields": {"author": 7, "content": "weqwe", "timestamp": "2020-03-04T09:23:57.419Z", "thread": 11}}, {"model": "chat.message", "pk": 60, "fields": {"author": 7, "content": "wqwe", "timestamp": "2020-03-04T09:23:59.531Z", "thread": 11}}, {"model": "chat.message", "pk": 61, "fields": {"author": 7, "content": "dadwa", "timestamp": "2020-03-04T09:28:13.938Z", "thread": 11}}, {"model": "chat.message", "pk": 62, "fields": {"author": 7, "content": "wdwdwd", "timestamp": "2020-03-04T09:28:33.203Z", "thread": 11}}, {"model": "chat.message", "pk": 63, "fields": {"author": 7, "content": "sdasdasd", "timestamp": "2020-03-04T09:30:02.395Z", "thread": 11}}, {"model": "chat.message", "pk": 64, "fields": {"author": 7, "content": "sdsda", "timestamp": "2020-03-04T09:30:27.250Z", "thread": 11}}, {"model": "chat.message", "pk": 65, "fields": {"author": 7, "content": "sdsda", "timestamp": "2020-03-04T09:31:00.249Z", "thread": 11}}, {"model": "chat.message", "pk": 66, "fields": {"author": 7, "content": "asdds", "timestamp": "2020-03-04T09:31:36.010Z", "thread": 11}}, {"model": "chat.message", "pk": 67, "fields": {"author": 7, "content": "dasds", "timestamp": "2020-03-04T09:31:43.234Z", "thread": 11}}, {"model": "chat.message", "pk": 68, "fields": {"author": 7, "content": "dssda", "timestamp": "2020-03-04T09:31:45.331Z", "thread": 11}}, {"model": "chat.message", "pk": 69, "fields": {"author": 7, "content": "dasads", "timestamp": "2020-03-04T09:31:46.977Z", "thread": 11}}, {"model": "chat.message", "pk": 70, "fields": {"author": 7, "content": "wdwd", "timestamp": "2020-03-04T09:33:29.537Z", "thread": 11}}, {"model": "chat.message", "pk": 71, "fields": {"author": 7, "content": "wddaw", "timestamp": "2020-03-04T09:33:34.450Z", "thread": 11}}, {"model": "chat.message", "pk": 72, "fields": {"author": 3, "content": "ddawwd", "timestamp": "2020-03-04T09:33:52.922Z", "thread": 11}}, {"model": "chat.message", "pk": 73, "fields": {"author": 3, "content": "rtteer", "timestamp": "2020-03-04T10:04:05.730Z", "thread": 11}}, {"model": "chat.message", "pk": 74, "fields": {"author": 3, "content": "erer", "timestamp": "2020-03-04T10:06:00.649Z", "thread": 11}}, {"model": "chat.message", "pk": 75, "fields": {"author": 3, "content": "sdsd", "timestamp": "2020-03-04T10:07:20.353Z", "thread": 11}}, {"model": "chat.message", "pk": 76, "fields": {"author": 3, "content": "fddfs", "timestamp": "2020-03-04T10:18:13.424Z", "thread": 11}}, {"model": "chat.message", "pk": 77, "fields": {"author": 3, "content": "trret", "timestamp": "2020-03-04T10:20:16.673Z", "thread": 11}}, {"model": "chat.message", "pk": 78, "fields": {"author": 3, "content": "dssd", "timestamp": "2020-03-04T10:21:42.235Z", "thread": 11}}, {"model": "chat.message", "pk": 79, "fields": {"author": 3, "content": "hi", "timestamp": "2020-03-04T10:29:53.233Z", "thread": 1}}, {"model": "chat.message", "pk": 80, "fields": {"author": 3, "content": "dsd", "timestamp": "2020-03-04T10:38:00.942Z", "thread": 11}}, {"model": "chat.message", "pk": 81, "fields": {"author": 3, "content": "asasas", "timestamp": "2020-03-04T11:01:50.090Z", "thread": 11}}, {"model": "chat.message", "pk": 82, "fields": {"author": 3, "content": "ss", "timestamp": "2020-03-04T11:01:58.475Z", "thread": 11}}, {"model": "chat.message", "pk": 83, "fields": {"author": 3, "content": "sas", "timestamp": "2020-03-04T11:02:16.258Z", "thread": 11}}, {"model": "chat.message", "pk": 84, "fields": {"author": 3, "content": "ddssdasd", "timestamp": "2020-03-04T11:13:19.538Z", "thread": 1}}, {"model": "chat.message", "pk": 85, "fields": {"author": 7, "content": "eqwe", "timestamp": "2020-03-04T11:14:26.458Z", "thread": 11}}, {"model": "chat.message", "pk": 86, "fields": {"author": 7, "content": "adasd", "timestamp": "2020-03-04T11:15:08.825Z", "thread": 11}}, {"model": "chat.message", "pk": 87, "fields": {"author": 7, "content": "sdaasd", "timestamp": "2020-03-04T11:15:10.505Z", "thread": 11}}, {"model": "chat.message", "pk": 88, "fields": {"author": 7, "content": "sdasdasa", "timestamp": "2020-03-04T11:15:12.017Z", "thread": 11}}, {"model": "chat.message", "pk": 89, "fields": {"author": 7, "content": "scsdsd", "timestamp": "2020-03-04T11:16:07.913Z", "thread": 11}}, {"model": "chat.message", "pk": 90, "fields": {"author": 7, "content": "wwqqw", "timestamp": "2020-03-04T11:16:44.954Z", "thread": 11}}, {"model": "chat.message", "pk": 91, "fields": {"author": 7, "content": "ecec", "timestamp": "2020-03-04T11:18:58.122Z", "thread": 11}}, {"model": "chat.message", "pk": 92, "fields": {"author": 7, "content": "rrwewerwer", "timestamp": "2020-03-04T11:27:39.404Z", "thread": 11}}, {"model": "chat.message", "pk": 93, "fields": {"author": 7, "content": "sss", "timestamp": "2020-03-04T11:28:07.420Z", "thread": 11}}, {"model": "chat.message", "pk": 94, "fields": {"author": 7, "content": "ddfssd", "timestamp": "2020-03-04T11:29:46.474Z", "thread": 11}}, {"model": "chat.message", "pk": 95, "fields": {"author": 7, "content": "ddfsdf", "timestamp": "2020-03-04T11:29:48.044Z", "thread": 11}}, {"model": "chat.message", "pk": 96, "fields": {"author": 7, "content": "fdsdfs", "timestamp": "2020-03-04T11:29:49.380Z", "thread": 11}}, {"model": "chat.message", "pk": 97, "fields": {"author": 7, "content": "dfdsf", "timestamp": "2020-03-04T11:29:50.636Z", "thread": 11}}, {"model": "chat.message", "pk": 98, "fields": {"author": 7, "content": "3eerwwere", "timestamp": "2020-03-04T11:32:13.046Z", "thread": 11}}, {"model": "chat.message", "pk": 99, "fields": {"author": 7, "content": "dssd", "timestamp": "2020-03-04T11:33:19.757Z", "thread": 11}}, {"model": "chat.message", "pk": 100, "fields": {"author": 7, "content": "sadsda", "timestamp": "2020-03-04T11:33:35.492Z", "thread": 11}}, {"model": "chat.message", "pk": 101, "fields": {"author": 7, "content": "dasasd", "timestamp": "2020-03-04T12:36:48.728Z", "thread": 11}}, {"model": "chat.message", "pk": 102, "fields": {"author": 7, "content": "wdddwwd", "timestamp": "2020-03-04T12:37:36.299Z", "thread": 11}}, {"model": "chat.message", "pk": 103, "fields": {"author": 7, "content": "qwqw", "timestamp": "2020-03-04T12:39:12.241Z", "thread": 11}}, {"model": "chat.message", "pk": 104, "fields": {"author": 7, "content": "rwererer", "timestamp": "2020-03-04T12:42:09.426Z", "thread": 11}}, {"model": "chat.message", "pk": 105, "fields": {"author": 7, "content": "dwwd", "timestamp": "2020-03-04T12:44:54.891Z", "thread": 11}}, {"model": "chat.message", "pk": 106, "fields": {"author": 7, "content": "rreerwwer", "timestamp": "2020-03-04T12:46:34.994Z", "thread": 11}}, {"model": "chat.message", "pk": 107, "fields": {"author": 7, "content": "wddwd", "timestamp": "2020-03-04T12:59:41.210Z", "thread": 11}}, {"model": "chat.message", "pk": 108, "fields": {"author": 7, "content": "dwdwq", "timestamp": "2020-03-04T12:59:50.650Z", "thread": 11}}, {"model": "chat.message", "pk": 109, "fields": {"author": 7, "content": "dwdw", "timestamp": "2020-03-04T12:59:52.418Z", "thread": 11}}, {"model": "chat.message", "pk": 110, "fields": {"author": 7, "content": "dwwqd", "timestamp": "2020-03-04T13:00:20.715Z", "thread": 11}}, {"model": "chat.message", "pk": 111, "fields": {"author": 7, "content": "wdqwdw", "timestamp": "2020-03-04T13:00:22.387Z", "thread": 11}}, {"model": "chat.message", "pk": 112, "fields": {"author": 7, "content": "dwdqw", "timestamp": "2020-03-04T13:00:23.810Z", "thread": 11}}, {"model": "chat.message", "pk": 113, "fields": {"author": 3, "content": "r3r3r3r", "timestamp": "2020-03-04T13:01:59.027Z", "thread": 1}}, {"model": "chat.message", "pk": 114, "fields": {"author": 3, "content": "3ww3r", "timestamp": "2020-03-04T13:02:00.915Z", "thread": 1}}, {"model": "chat.message", "pk": 115, "fields": {"author": 3, "content": "qasq", "timestamp": "2020-03-04T13:12:41.741Z", "thread": 1}}, {"model": "chat.message", "pk": 116, "fields": {"author": 7, "content": "q", "timestamp": "2020-03-04T13:12:54.869Z", "thread": 11}}, {"model": "chat.message", "pk": 117, "fields": {"author": 7, "content": "ddasdas", "timestamp": "2020-03-04T13:14:25.483Z", "thread": 11}}, {"model": "chat.message", "pk": 118, "fields": {"author": 7, "content": "sdsd", "timestamp": "2020-03-04T13:14:27.426Z", "thread": 11}}, {"model": "chat.message", "pk": 119, "fields": {"author": 7, "content": "ewqweq", "timestamp": "2020-03-04T13:20:51.356Z", "thread": 11}}, {"model": "chat.message", "pk": 120, "fields": {"author": 3, "content": "wwew", "timestamp": "2020-03-04T13:21:00.916Z", "thread": 11}}, {"model": "chat.message", "pk": 121, "fields": {"author": 7, "content": "eewqwe", "timestamp": "2020-03-04T13:21:11.388Z", "thread": 11}}, {"model": "chat.message", "pk": 122, "fields": {"author": 7, "content": "dfdff", "timestamp": "2020-03-04T13:21:22.980Z", "thread": 11}}, {"model": "chat.message", "pk": 123, "fields": {"author": 7, "content": "dfsdf", "timestamp": "2020-03-04T13:21:25.620Z", "thread": 11}}, {"model": "chat.message", "pk": 124, "fields": {"author": 3, "content": "reewerw", "timestamp": "2020-03-04T13:21:45.373Z", "thread": 11}}, {"model": "chat.message", "pk": 125, "fields": {"author": 7, "content": "wererw", "timestamp": "2020-03-04T13:21:54.982Z", "thread": 11}}, {"model": "chat.message", "pk": 126, "fields": {"author": 7, "content": "werre", "timestamp": "2020-03-04T13:22:00.477Z", "thread": 11}}, {"model": "chat.message", "pk": 127, "fields": {"author": 7, "content": "wqddqw", "timestamp": "2020-03-04T13:22:06.462Z", "thread": 11}}, {"model": "chat.message", "pk": 128, "fields": {"author": 3, "content": "tre", "timestamp": "2020-03-04T13:30:40.414Z", "thread": 1}}, {"model": "chat.message", "pk": 129, "fields": {"author": 7, "content": "rer", "timestamp": "2020-03-04T13:30:44.981Z", "thread": 11}}, {"model": "chat.message", "pk": 130, "fields": {"author": 7, "content": "rterrrtrt", "timestamp": "2020-03-04T13:30:47.558Z", "thread": 11}}, {"model": "chat.notification", "pk": 84, "fields": {"author": 3, "timestamp": "2020-03-04T11:24:51.382Z", "receiver": 7, "key": -3249991974999344460}}, {"model": "chat.notification", "pk": 110, "fields": {"author": 3, "timestamp": "2020-03-04T13:21:00.938Z", "receiver": 7, "key": -6838704749036558983}}, {"model": "chat.notification", "pk": 114, "fields": {"author": 3, "timestamp": "2020-03-04T13:21:45.394Z", "receiver": 7, "key": -7415698539442903707}}, {"model": "chat.notification", "pk": 119, "fields": {"author": 7, "timestamp": "2020-03-04T13:30:47.580Z", "receiver": 3, "key": 2526027813249191183}}, {"model": "admin.logentry", "pk": 3, "fields": {"action_time": "2020-02-26T08:19:43.054Z", "user": 3, "content_type": 6, "object_id": "4", "object_repr": "eric", "action_flag": 3, "change_message": ""}}, {"model": "admin.logentry", "pk": 4, "fields": {"action_time": "2020-02-26T08:26:25.923Z", "user": 3, "content_type": 6, "object_id": "5", "object_repr": "eric", "action_flag": 3, "change_message": ""}}, {"model": "admin.logentry", "pk": 5, "fields": {"action_time": "2020-02-26T08:49:13.229Z", "user": 3, "content_type": 7, "object_id": "10", "object_repr": "Thread_private_eric_gd193", "action_flag": 3, "change_message": ""}}, {"model": "admin.logentry", "pk": 6, "fields": {"action_time": "2020-02-26T08:49:13.234Z", "user": 3, "content_type": 7, "object_id": "9", "object_repr": "Thread_private_eric_test2", "action_flag": 3, "change_message": ""}}, {"model": "admin.logentry", "pk": 7, "fields": {"action_time": "2020-02-26T08:49:13.239Z", "user": 3, "content_type": 7, "object_id": "8", "object_repr": "Thread_private_eric_test", "action_flag": 3, "change_message": ""}}, {"model": "admin.logentry", "pk": 8, "fields": {"action_time": "2020-02-26T08:49:13.243Z", "user": 3, "content_type": 7, "object_id": "7", "object_repr": "Thread_private_eric_gd193", "action_flag": 3, "change_message": ""}}, {"model": "admin.logentry", "pk": 9, "fields": {"action_time": "2020-02-26T08:49:13.248Z", "user": 3, "content_type": 7, "object_id": "6", "object_repr": "Thread_private_eric_test2", "action_flag": 3, "change_message": ""}}, {"model": "admin.logentry", "pk": 10, "fields": {"action_time": "2020-02-26T08:49:13.253Z", "user": 3, "content_type": 7, "object_id": "5", "object_repr": "Thread_private_eric_test", "action_flag": 3, "change_message": ""}}, {"model": "admin.logentry", "pk": 11, "fields": {"action_time": "2020-02-26T08:49:13.258Z", "user": 3, "content_type": 7, "object_id": "4", "object_repr": "Thread_private_eric_gd193", "action_flag": 3, "change_message": ""}}, {"model": "admin.logentry", "pk": 12, "fields": {"action_time": "2020-02-26T08:49:13.263Z", "user": 3, "content_type": 7, "object_id": "3", "object_repr": "Thread_private_eric_test2", "action_flag": 3, "change_message": ""}}, {"model": "admin.logentry", "pk": 13, "fields": {"action_time": "2020-02-26T08:49:13.268Z", "user": 3, "content_type": 7, "object_id": "2", "object_repr": "Thread_private_eric_test", "action_flag": 3, "change_message": ""}}, {"model": "admin.logentry", "pk": 14, "fields": {"action_time": "2020-02-26T08:49:28.016Z", "user": 3, "content_type": 6, "object_id": "6", "object_repr": "eric", "action_flag": 3, "change_message": ""}}, {"model": "admin.logentry", "pk": 15, "fields": {"action_time": "2020-02-26T08:49:28.021Z", "user": 3, "content_type": 6, "object_id": "2", "object_repr": "test2", "action_flag": 3, "change_message": ""}}, {"model": "admin.logentry", "pk": 16, "fields": {"action_time": "2020-02-26T08:49:28.025Z", "user": 3, "content_type": 6, "object_id": "1", "object_repr": "test", "action_flag": 3, "change_message": ""}}, {"model": "admin.logentry", "pk": 17, "fields": {"action_time": "2020-02-26T13:59:13.372Z", "user": 3, "content_type": 8, "object_id": "17", "object_repr": "Notification object (17)", "action_flag": 3, "change_message": ""}}, {"model": "admin.logentry", "pk": 18, "fields": {"action_time": "2020-02-26T13:59:13.377Z", "user": 3, "content_type": 8, "object_id": "16", "object_repr": "Notification object (16)", "action_flag": 3, "change_message": ""}}, {"model": "admin.logentry", "pk": 19, "fields": {"action_time": "2020-02-26T13:59:13.382Z", "user": 3, "content_type": 8, "object_id": "10", "object_repr": "Notification object (10)", "action_flag": 3, "change_message": ""}}, {"model": "admin.logentry", "pk": 20, "fields": {"action_time": "2020-02-26T13:59:13.387Z", "user": 3, "content_type": 8, "object_id": "8", "object_repr": "Notification object (8)", "action_flag": 3, "change_message": ""}}, {"model": "admin.logentry", "pk": 21, "fields": {"action_time": "2020-02-26T13:59:13.391Z", "user": 3, "content_type": 8, "object_id": "6", "object_repr": "Notification object (6)", "action_flag": 3, "change_message": ""}}, {"model": "admin.logentry", "pk": 22, "fields": {"action_time": "2020-02-26T13:59:13.396Z", "user": 3, "content_type": 8, "object_id": "5", "object_repr": "Notification object (5)", "action_flag": 3, "change_message": ""}}, {"model": "admin.logentry", "pk": 23, "fields": {"action_time": "2020-02-26T14:24:12.854Z", "user": 3, "content_type": 8, "object_id": "22", "object_repr": "Notification object (22)", "action_flag": 3, "change_message": ""}}, {"model": "admin.logentry", "pk": 24, "fields": {"action_time": "2020-02-26T14:24:12.859Z", "user": 3, "content_type": 8, "object_id": "21", "object_repr": "Notification object (21)", "action_flag": 3, "change_message": ""}}, {"model": "admin.logentry", "pk": 25, "fields": {"action_time": "2020-02-26T14:24:12.864Z", "user": 3, "content_type": 8, "object_id": "20", "object_repr": "Notification object (20)", "action_flag": 3, "change_message": ""}}, {"model": "admin.logentry", "pk": 26, "fields": {"action_time": "2020-02-26T14:24:12.868Z", "user": 3, "content_type": 8, "object_id": "19", "object_repr": "Notification object (19)", "action_flag": 3, "change_message": ""}}, {"model": "admin.logentry", "pk": 27, "fields": {"action_time": "2020-02-26T14:24:12.873Z", "user": 3, "content_type": 8, "object_id": "18", "object_repr": "Notification object (18)", "action_flag": 3, "change_message": ""}}, {"model": "admin.logentry", "pk": 28, "fields": {"action_time": "2020-02-26T15:23:19.256Z", "user": 3, "content_type": 8, "object_id": "32", "object_repr": "Notification object (32)", "action_flag": 3, "change_message": ""}}, {"model": "admin.logentry", "pk": 29, "fields": {"action_time": "2020-02-26T15:23:19.261Z", "user": 3, "content_type": 8, "object_id": "31", "object_repr": "Notification object (31)", "action_flag": 3, "change_message": ""}}, {"model": "admin.logentry", "pk": 30, "fields": {"action_time": "2020-02-26T15:23:19.266Z", "user": 3, "content_type": 8, "object_id": "30", "object_repr": "Notification object (30)", "action_flag": 3, "change_message": ""}}, {"model": "admin.logentry", "pk": 31, "fields": {"action_time": "2020-02-26T15:23:19.271Z", "user": 3, "content_type": 8, "object_id": "29", "object_repr": "Notification object (29)", "action_flag": 3, "change_message": ""}}, {"model": "admin.logentry", "pk": 32, "fields": {"action_time": "2020-02-26T15:23:19.277Z", "user": 3, "content_type": 8, "object_id": "28", "object_repr": "Notification object (28)", "action_flag": 3, "change_message": ""}}, {"model": "admin.logentry", "pk": 33, "fields": {"action_time": "2020-02-26T15:23:19.282Z", "user": 3, "content_type": 8, "object_id": "27", "object_repr": "Notification object (27)", "action_flag": 3, "change_message": ""}}, {"model": "admin.logentry", "pk": 34, "fields": {"action_time": "2020-02-26T15:23:19.288Z", "user": 3, "content_type": 8, "object_id": "26", "object_repr": "Notification object (26)", "action_flag": 3, "change_message": ""}}, {"model": "admin.logentry", "pk": 35, "fields": {"action_time": "2020-02-26T15:23:19.293Z", "user": 3, "content_type": 8, "object_id": "25", "object_repr": "Notification object (25)", "action_flag": 3, "change_message": ""}}, {"model": "admin.logentry", "pk": 36, "fields": {"action_time": "2020-02-26T15:23:19.298Z", "user": 3, "content_type": 8, "object_id": "24", "object_repr": "Notification object (24)", "action_flag": 3, "change_message": ""}}, {"model": "admin.logentry", "pk": 37, "fields": {"action_time": "2020-02-26T15:28:52.903Z", "user": 3, "content_type": 8, "object_id": "40", "object_repr": "Notification object (40)", "action_flag": 3, "change_message": ""}}, {"model": "admin.logentry", "pk": 38, "fields": {"action_time": "2020-02-26T15:28:52.908Z", "user": 3, "content_type": 8, "object_id": "39", "object_repr": "Notification object (39)", "action_flag": 3, "change_message": ""}}, {"model": "admin.logentry", "pk": 39, "fields": {"action_time": "2020-02-26T15:28:52.913Z", "user": 3, "content_type": 8, "object_id": "38", "object_repr": "Notification object (38)", "action_flag": 3, "change_message": ""}}, {"model": "admin.logentry", "pk": 40, "fields": {"action_time": "2020-02-26T15:28:52.918Z", "user": 3, "content_type": 8, "object_id": "37", "object_repr": "Notification object (37)", "action_flag": 3, "change_message": ""}}, {"model": "admin.logentry", "pk": 41, "fields": {"action_time": "2020-02-26T15:28:52.923Z", "user": 3, "content_type": 8, "object_id": "36", "object_repr": "Notification object (36)", "action_flag": 3, "change_message": ""}}, {"model": "admin.logentry", "pk": 42, "fields": {"action_time": "2020-02-26T15:28:52.928Z", "user": 3, "content_type": 8, "object_id": "35", "object_repr": "Notification object (35)", "action_flag": 3, "change_message": ""}}, {"model": "admin.logentry", "pk": 43, "fields": {"action_time": "2020-02-26T15:28:52.933Z", "user": 3, "content_type": 8, "object_id": "34", "object_repr": "Notification object (34)", "action_flag": 3, "change_message": ""}}, {"model": "admin.logentry", "pk": 44, "fields": {"action_time": "2020-02-26T15:29:20.687Z", "user": 3, "content_type": 8, "object_id": "42", "object_repr": "Notification object (42)", "action_flag": 3, "change_message": ""}}, {"model": "admin.logentry", "pk": 45, "fields": {"action_time": "2020-02-26T15:29:20.692Z", "user": 3, "content_type": 8, "object_id": "41", "object_repr": "Notification object (41)", "action_flag": 3, "change_message": ""}}, {"model": "admin.logentry", "pk": 46, "fields": {"action_time": "2020-03-04T09:13:54.930Z", "user": 3, "content_type": 8, "object_id": "49", "object_repr": "Notification object (49)", "action_flag": 3, "change_message": ""}}, {"model": "admin.logentry", "pk": 47, "fields": {"action_time": "2020-03-04T09:13:54.936Z", "user": 3, "content_type": 8, "object_id": "48", "object_repr": "Notification object (48)", "action_flag": 3, "change_message": ""}}, {"model": "admin.logentry", "pk": 48, "fields": {"action_time": "2020-03-04T09:13:54.940Z", "user": 3, "content_type": 8, "object_id": "47", "object_repr": "Notification object (47)", "action_flag": 3, "change_message": ""}}, {"model": "admin.logentry", "pk": 49, "fields": {"action_time": "2020-03-04T09:13:54.944Z", "user": 3, "content_type": 8, "object_id": "46", "object_repr": "Notification object (46)", "action_flag": 3, "change_message": ""}}, {"model": "admin.logentry", "pk": 50, "fields": {"action_time": "2020-03-04T09:13:54.949Z", "user": 3, "content_type": 8, "object_id": "45", "object_repr": "Notification object (45)", "action_flag": 3, "change_message": ""}}, {"model": "admin.logentry", "pk": 51, "fields": {"action_time": "2020-03-04T09:13:54.955Z", "user": 3, "content_type": 8, "object_id": "44", "object_repr": "Notification object (44)", "action_flag": 3, "change_message": ""}}, {"model": "admin.logentry", "pk": 52, "fields": {"action_time": "2020-03-04T09:13:54.960Z", "user": 3, "content_type": 8, "object_id": "43", "object_repr": "Notification object (43)", "action_flag": 3, "change_message": ""}}, {"model": "admin.logentry", "pk": 53, "fields": {"action_time": "2020-03-04T09:23:14.671Z", "user": 3, "content_type": 8, "object_id": "51", "object_repr": "Notification object (51)", "action_flag": 3, "change_message": ""}}, {"model": "admin.logentry", "pk": 54, "fields": {"action_time": "2020-03-04T09:32:12.975Z", "user": 3, "content_type": 8, "object_id": "62", "object_repr": "Notification object (62)", "action_flag": 3, "change_message": ""}}, {"model": "admin.logentry", "pk": 55, "fields": {"action_time": "2020-03-04T09:32:12.979Z", "user": 3, "content_type": 8, "object_id": "61", "object_repr": "Notification object (61)", "action_flag": 3, "change_message": ""}}, {"model": "admin.logentry", "pk": 56, "fields": {"action_time": "2020-03-04T09:32:12.984Z", "user": 3, "content_type": 8, "object_id": "60", "object_repr": "Notification object (60)", "action_flag": 3, "change_message": ""}}, {"model": "admin.logentry", "pk": 57, "fields": {"action_time": "2020-03-04T09:32:12.989Z", "user": 3, "content_type": 8, "object_id": "59", "object_repr": "Notification object (59)", "action_flag": 3, "change_message": ""}}, {"model": "admin.logentry", "pk": 58, "fields": {"action_time": "2020-03-04T09:32:12.994Z", "user": 3, "content_type": 8, "object_id": "58", "object_repr": "Notification object (58)", "action_flag": 3, "change_message": ""}}, {"model": "admin.logentry", "pk": 59, "fields": {"action_time": "2020-03-04T09:32:12.999Z", "user": 3, "content_type": 8, "object_id": "57", "object_repr": "Notification object (57)", "action_flag": 3, "change_message": ""}}, {"model": "admin.logentry", "pk": 60, "fields": {"action_time": "2020-03-04T09:32:13.005Z", "user": 3, "content_type": 8, "object_id": "56", "object_repr": "Notification object (56)", "action_flag": 3, "change_message": ""}}, {"model": "admin.logentry", "pk": 61, "fields": {"action_time": "2020-03-04T09:32:13.010Z", "user": 3, "content_type": 8, "object_id": "55", "object_repr": "Notification object (55)", "action_flag": 3, "change_message": ""}}, {"model": "admin.logentry", "pk": 62, "fields": {"action_time": "2020-03-04T09:32:13.015Z", "user": 3, "content_type": 8, "object_id": "54", "object_repr": "Notification object (54)", "action_flag": 3, "change_message": ""}}, {"model": "admin.logentry", "pk": 63, "fields": {"action_time": "2020-03-04T09:32:13.020Z", "user": 3, "content_type": 8, "object_id": "53", "object_repr": "Notification object (53)", "action_flag": 3, "change_message": ""}}, {"model": "admin.logentry", "pk": 64, "fields": {"action_time": "2020-03-04T11:18:08.586Z", "user": 3, "content_type": 8, "object_id": "76", "object_repr": "Notification object (76)", "action_flag": 3, "change_message": ""}}, {"model": "admin.logentry", "pk": 65, "fields": {"action_time": "2020-03-04T11:18:08.599Z", "user": 3, "content_type": 8, "object_id": "75", "object_repr": "Notification object (75)", "action_flag": 3, "change_message": ""}}, {"model": "admin.logentry", "pk": 66, "fields": {"action_time": "2020-03-04T11:18:08.605Z", "user": 3, "content_type": 8, "object_id": "74", "object_repr": "Notification object (74)", "action_flag": 3, "change_message": ""}}, {"model": "admin.logentry", "pk": 67, "fields": {"action_time": "2020-03-04T11:18:08.618Z", "user": 3, "content_type": 8, "object_id": "73", "object_repr": "Notification object (73)", "action_flag": 3, "change_message": ""}}, {"model": "admin.logentry", "pk": 68, "fields": {"action_time": "2020-03-04T11:18:08.623Z", "user": 3, "content_type": 8, "object_id": "72", "object_repr": "Notification object (72)", "action_flag": 3, "change_message": ""}}, {"model": "admin.logentry", "pk": 69, "fields": {"action_time": "2020-03-04T11:18:08.628Z", "user": 3, "content_type": 8, "object_id": "71", "object_repr": "Notification object (71)", "action_flag": 3, "change_message": ""}}]